[{"date":"2026-01-01","name":"Confraterniza\u00e7\u00e3o Universal","type":"feriado","level":"nacional"},{"date":"2026-02-16","name":"Carnaval","type":"facultativo","level":"nacional"},{"date":"2026-02-17","name":"Carnaval","type":"facultativo","level":"nacional"},{"date":"2026-02-18","name":"Quarta-feira de Cinzas","type":"facultativo","level":"nacional"},{"date":"2026-04-03","name":"Sexta-feira Santa","type":"feriado","level":"nacional"},{"date":"2026-04-21","name":"Tiradentes","type":"feriado","level":"nacional"},{"date":"2026-05-01","name":"Dia do Trabalhador","type":"feriado","level":"nacional"},{"date":"2026-06-04","name":"Corpus Christi","type":"facultativo","level":"nacional"},{"date":"2026-07-09","name":"Revolu\u00e7\u00e3o Constitucionalista","type":"feriado","level":"estadual","law":"Lei estadual n\u00ba 9.497\/1997"},{"date":"2026-09-07","name":"Independ\u00eancia do Brasil","type":"feriado","level":"nacional"},{"date":"2026-10-12","name":"Nossa Senhora Aparecida","type":"feriado","level":"nacional"},{"date":"2026-10-28","name":"Dia do Servidor P\u00fablico","type":"facultativo","level":"nacional"},{"date":"2026-11-02","name":"Finados","type":"feriado","level":"nacional"},{"date":"2026-11-15","name":"Proclama\u00e7\u00e3o da Rep\u00fablica","type":"feriado","level":"nacional"},{"date":"2026-11-20","name":"Dia Nacional de Zumbi e da Consci\u00eancia Negra","type":"feriado","level":"nacional"},{"date":"2026-12-24","name":"V\u00e9spera de Natal","type":"facultativo","level":"nacional"},{"date":"2026-12-25","name":"Natal","type":"feriado","level":"nacional"},{"date":"2026-12-31","name":"V\u00e9spera de Ano-Novo","type":"facultativo","level":"nacional"}]